[
  {
    "id": "e310c804-4e1e-4063-bcfd-10ff2a9cb3bc",
    "data": [
      {
        "text": "could you order pizza ",
        "userDefined": false
      },
      {
        "text": "here",
        "meta": "@sys.date-time",
        "alias": "date-time",
        "userDefined": true
      }
    ],
    "isTemplate": false,
    "count": 0,
    "lang": "en",
    "updated": 0
  },
  {
    "id": "d2c61879-87d9-4388-aeb0-5e01a77362fe",
    "data": [
      {
        "text": "could you order me pizza ",
        "userDefined": false
      },
      {
        "text": "now",
        "meta": "@sys.address",
        "alias": "address",
        "userDefined": true
      }
    ],
    "isTemplate": false,
    "count": 0,
    "lang": "en",
    "updated": 0
  },
  {
    "id": "b4351e78-674f-49cc-93d6-3f1e5294e5ce",
    "data": [
      {
        "text": "could you add ",
        "userDefined": false
      },
      {
        "text": "toppings",
        "meta": "@toppings",
        "alias": "toppings",
        "userDefined": true
      },
      {
        "text": " pizza",
        "userDefined": false
      }
    ],
    "isTemplate": false,
    "count": 0,
    "lang": "en",
    "updated": 0
  },
  {
    "id": "4e210edd-138c-4ef1-914b-69c687517707",
    "data": [
      {
        "text": "could you order small ",
        "userDefined": false
      },
      {
        "text": "size",
        "meta": "@size",
        "alias": "size",
        "userDefined": true
      },
      {
        "text": " pizza",
        "userDefined": false
      }
    ],
    "isTemplate": false,
    "count": 0,
    "lang": "en",
    "updated": 0
  },
  {
    "id": "3cf6eff7-4235-402e-af8a-4508a208bbce",
    "data": [
      {
        "text": "could you order me a pizza to the phone number of ",
        "userDefined": false
      },
      {
        "text": "9393838388",
        "meta": "@sys.phone-number",
        "alias": "phone-number",
        "userDefined": true
      }
    ],
    "isTemplate": false,
    "count": 0,
    "lang": "en",
    "updated": 0
  },
  {
    "id": "5bfe3694-d01c-4375-9e83-237caf3f95e0",
    "data": [
      {
        "text": "could you order me a pizza to the mail id of ",
        "userDefined": false
      },
      {
        "text": "akshaycs7442@gmail.com",
        "meta": "@sys.email",
        "alias": "email",
        "userDefined": true
      }
    ],
    "isTemplate": false,
    "count": 1,
    "lang": "en",
    "updated": 0
  },
  {
    "id": "5510ace6-5dff-481e-8185-785b5233a736",
    "data": [
      {
        "text": "order me a pizza",
        "userDefined": false
      }
    ],
    "isTemplate": false,
    "count": 0,
    "lang": "en",
    "updated": 0
  },
  {
    "id": "6896486b-b4cc-4237-965e-f43ece7a3af3",
    "data": [
      {
        "text": "Please order me a pizza",
        "userDefined": false
      }
    ],
    "isTemplate": false,
    "count": 0,
    "lang": "en",
    "updated": 0
  }
]