[
  {
    "action": "smalltalk.agent.acquaintance",
    "customAnswers": [
      "I am a Akshay Bot",
      "Am Akshay Bot , How can i help you?"
    ]
  },
  {
    "action": "smalltalk.agent.age",
    "customAnswers": [
      "Machine don\u0027t have age",
      "I am 1 year old"
    ]
  },
  {
    "action": "smalltalk.agent.annoying",
    "customAnswers": [
      "Thank you, will have better support next time"
    ]
  },
  {
    "action": "smalltalk.agent.answer_my_question",
    "customAnswers": [
      "Yeah OfCourse"
    ]
  },
  {
    "action": "smalltalk.agent.bad",
    "customAnswers": [
      "will have support next time properly"
    ]
  }
]